theme,symbol,clean_symbol
Copper,ADANIENT.NS,ADANIENT
Copper,BHAGYANGR.NS,BHAGYANGR
Copper,HINDALCO.NS,HINDALCO
Copper,HINDCOPPER.NS,HINDCOPPER
Copper,PRECWIRE.NS,PRECWIRE
Defence & Aerospace,ASTRAMICRO.NS,ASTRAMICRO
Defence & Aerospace,BDL.NS,BDL
Defence & Aerospace,BEL.NS,BEL
Defence & Aerospace,COCHINSHIP.NS,COCHINSHIP
Defence & Aerospace,DATAPATTNS.NS,DATAPATTNS
Defence & Aerospace,DCXINDIA.NS,DCXINDIA
Defence & Aerospace,GRSE.NS,GRSE
Defence & Aerospace,HAL.NS,HAL
Defence & Aerospace,IDEAFORGE.NS,IDEAFORGE
Defence & Aerospace,KRISHNADEF.NS,KRISHNADEF
Defence & Aerospace,MAZDOCK.NS,MAZDOCK
Defence & Aerospace,MTARTECH.NS,MTARTECH
Defence & Aerospace,PARAS.NS,PARAS
Defence & Aerospace,SOLARINDS.NS,SOLARINDS
Defence & Aerospace,ZENTEC.NS,ZENTEC
Railways & Infrastructure,BEML.NS,BEML
Railways & Infrastructure,CONCOR.NS,CONCOR
Railways & Infrastructure,IRCON.NS,IRCON
Railways & Infrastructure,IRCTC.NS,IRCTC
Railways & Infrastructure,IRFC.NS,IRFC
Railways & Infrastructure,JWL.NS,JWL
Railways & Infrastructure,RAILTEL.NS,RAILTEL
Railways & Infrastructure,RITES.NS,RITES
Railways & Infrastructure,RVNL.NS,RVNL
Railways & Infrastructure,TEXRAIL.NS,TEXRAIL
Railways & Infrastructure,TITAGARH.NS,TITAGARH
Power T&D,ADANIENSOL.NS,ADANIENSOL
Power T&D,APARINDS.NS,APARINDS
Power T&D,CGPOWER.NS,CGPOWER
Power T&D,ENRIN.NS,ENRIN
Power T&D,GENUSPOWER.NS,GENUSPOWER
Power T&D,GVT&D.NS,GVT&D
Power T&D,KEC.NS,KEC
Power T&D,KPIL.NS,KPIL
Power T&D,POWERGRID.NS,POWERGRID
Power T&D,POWERINDIA.NS,POWERINDIA
Power T&D,QPOWER.NS,QPOWER
Power T&D,SCHNEIDER.NS,SCHNEIDER
Power T&D,SIEMENS.NS,SIEMENS
Power T&D,SKIPPER.NS,SKIPPER
Power T&D,TRANSRAILL.NS,TRANSRAILL
Power T&D,VOLTAMP.NS,VOLTAMP
Life Insurance,HDFCLIFE.NS,HDFCLIFE
Life Insurance,ICICIPRULI.NS,ICICIPRULI
Life Insurance,LICI.NS,LICI
Life Insurance,MFSL.NS,MFSL
Life Insurance,SBILIFE.NS,SBILIFE
General Insurance,GICRE.NS,GICRE
General Insurance,GODIGIT.NS,GODIGIT
General Insurance,ICICIGI.NS,ICICIGI
General Insurance,MEDIASSIST.NS,MEDIASSIST
General Insurance,NIACL.NS,NIACL
General Insurance,NIVABUPA.NS,NIVABUPA
General Insurance,STARHEALTH.NS,STARHEALTH
Private Banking,AUBANK.NS,AUBANK
Private Banking,AXISBANK.NS,AXISBANK
Private Banking,BANDHANBNK.NS,BANDHANBNK
Private Banking,FEDERALBNK.NS,FEDERALBNK
Private Banking,HDFCBANK.NS,HDFCBANK
Private Banking,ICICIBANK.NS,ICICIBANK
Private Banking,IDFCFIRSTB.NS,IDFCFIRSTB
Private Banking,INDUSINDBK.NS,INDUSINDBK
Private Banking,J&KBANK.NS,J&KBANK
Private Banking,KARURVYSYA.NS,KARURVYSYA
Private Banking,KOTAKBANK.NS,KOTAKBANK
Private Banking,RBLBANK.NS,RBLBANK
Private Banking,YESBANK.NS,YESBANK
PSU Banking,BANKBARODA.NS,BANKBARODA
PSU Banking,BANKINDIA.NS,BANKINDIA
PSU Banking,CANBK.NS,CANBK
PSU Banking,CENTRALBK.NS,CENTRALBK
PSU Banking,INDIANB.NS,INDIANB
PSU Banking,IOB.NS,IOB
PSU Banking,MAHABANK.NS,MAHABANK
PSU Banking,PNB.NS,PNB
PSU Banking,PSB.NS,PSB
PSU Banking,SBIN.NS,SBIN
PSU Banking,UCOBANK.NS,UCOBANK
PSU Banking,UNIONBANK.NS,UNIONBANK
Housing Finance,AADHARHFC.NS,AADHARHFC
Housing Finance,AAVAS.NS,AAVAS
Housing Finance,APTUS.NS,APTUS
Housing Finance,BAJAJHFL.NS,BAJAJHFL
Housing Finance,CANFINHOME.NS,CANFINHOME
Housing Finance,HOMEFIRST.NS,HOMEFIRST
Housing Finance,HUDCO.NS,HUDCO
Housing Finance,INDIASHLTR.NS,INDIASHLTR
Housing Finance,LICHSGFIN.NS,LICHSGFIN
Housing Finance,PNBHOUSING.NS,PNBHOUSING
Housing Finance,REPCOHOME.NS,REPCOHOME
Housing Finance,SAMMAANCAP.NS,SAMMAANCAP
NBFC,BAJAJFINSV.NS,BAJAJFINSV
NBFC,BAJFINANCE.NS,BAJFINANCE
NBFC,CGCL.NS,CGCL
NBFC,CHOLAFIN.NS,CHOLAFIN
NBFC,CREDITACC.NS,CREDITACC
NBFC,IFCI.NS,IFCI
NBFC,LICHSGFIN.NS,LICHSGFIN
NBFC,M&MFIN.NS,M&MFIN
NBFC,MANAPPURAM.NS,MANAPPURAM
NBFC,MUTHOOTFIN.NS,MUTHOOTFIN
NBFC,PFC.NS,PFC
NBFC,PIRAMALFIN.NS,PIRAMALFIN
NBFC,POONAWALLA.NS,POONAWALLA
NBFC,RECLTD.NS,RECLTD
NBFC,SHRIRAMFIN.NS,SHRIRAMFIN
NBFC,SUNDARMFIN.NS,SUNDARMFIN
NBFC,TATACAP.NS,TATACAP
Retail & E-Commerce,ABFRL.NS,ABFRL
Retail & E-Commerce,DMART.NS,DMART
Retail & E-Commerce,EMIL.NS,EMIL
Retail & E-Commerce,ETERNAL.NS,ETERNAL
Retail & E-Commerce,MEESHO.NS,MEESHO
Retail & E-Commerce,METROBRAND.NS,METROBRAND
Retail & E-Commerce,NYKAA.NS,NYKAA
Retail & E-Commerce,RELIANCE.NS,RELIANCE
Retail & E-Commerce,SWIGGY.NS,SWIGGY
Retail & E-Commerce,TRENT.NS,TRENT
Asset Management,ABSLAMC.NS,ABSLAMC
Asset Management,HDFCAMC.NS,HDFCAMC
Asset Management,ICICIAMC.NS,ICICIAMC
Asset Management,NAM-INDIA.NS,NAM-INDIA
Asset Management,UTIAMC.NS,UTIAMC
Wealth Management,360ONE.NS,360ONE
Wealth Management,ANANDRATHI.NS,ANANDRATHI
Wealth Management,NUVAMA.NS,NUVAMA
Wealth Management,PRUDENT.NS,PRUDENT
Capital Market,5PAISA.NS,5PAISA
Capital Market,ANGELONE.NS,ANGELONE
Capital Market,BSE.NS,BSE
Capital Market,CAMS.NS,CAMS
Capital Market,CDSL.NS,CDSL
Capital Market,GEOJITFSL.NS,GEOJITFSL
Capital Market,IEX.NS,IEX
Capital Market,IIFLCAPS.NS,IIFLCAPS
Capital Market,KFINTECH.NS,KFINTECH
Capital Market,MCX.NS,MCX
Capital Market,MOTILALOFS.NS,MOTILALOFS
Capital Goods,ABB.NS,ABB
Capital Goods,AIAENG.NS,AIAENG
Capital Goods,APARINDS.NS,APARINDS
Capital Goods,BEL.NS,BEL
Capital Goods,BHEL.NS,BHEL
Capital Goods,CARBORUNIV.NS,CARBORUNIV
Capital Goods,CGPOWER.NS,CGPOWER
Capital Goods,CUMMINSIND.NS,CUMMINSIND
Capital Goods,ELGIEQUIP.NS,ELGIEQUIP
Capital Goods,GENUSPOWER.NS,GENUSPOWER
Capital Goods,GRINDWELL.NS,GRINDWELL
Capital Goods,HONAUT.NS,HONAUT
Capital Goods,ISGEC.NS,ISGEC
Capital Goods,JYOTICNC.NS,JYOTICNC
Capital Goods,KIRLOSENG.NS,KIRLOSENG
Capital Goods,LT.NS,LT
Capital Goods,PTCIL.NS,PTCIL
Capital Goods,SCHAEFFLER.NS,SCHAEFFLER
Capital Goods,SIEMENS.NS,SIEMENS
Capital Goods,SKFINDIA.NS,SKFINDIA
Capital Goods,TDPOWERSYS.NS,TDPOWERSYS
Capital Goods,THERMAX.NS,THERMAX
Capital Goods,TIMKEN.NS,TIMKEN
Capital Goods,TRITURBINE.NS,TRITURBINE
Personal Care & Wellness,BAJAJCON.NS,BAJAJCON
Personal Care & Wellness,CUPID.NS,CUPID
Personal Care & Wellness,EMAMILTD.NS,EMAMILTD
Personal Care & Wellness,GILLETTE.NS,GILLETTE
Personal Care & Wellness,JHS.NS,JHS
Personal Care & Wellness,PGHH.NS,PGHH
Personal Care & Wellness,ZYDUSWELL.NS,ZYDUSWELL
Alcohols & Breweries,ASALCBR.NS,ASALCBR
Alcohols & Breweries,GLOBUSSPR.NS,GLOBUSSPR
Alcohols & Breweries,PICCADIL.NS,PICCADIL
Alcohols & Breweries,RADICO.NS,RADICO
Alcohols & Breweries,SDBL.NS,SDBL
Alcohols & Breweries,SULA.NS,SULA
Alcohols & Breweries,TI.NS,TI
Alcohols & Breweries,UBL.NS,UBL
Alcohols & Breweries,UNITDSPR.NS,UNITDSPR
Oil & Gas Downstream,BPCL.NS,BPCL
Oil & Gas Downstream,CASTROLIND.NS,CASTROLIND
Oil & Gas Downstream,CONFIPET.NS,CONFIPET
Oil & Gas Downstream,HINDPETRO.NS,HINDPETRO
Oil & Gas Downstream,IOC.NS,IOC
Oil & Gas Downstream,MRPL.NS,MRPL
Oil & Gas Upstream,OIL.NS,OIL
Oil & Gas Upstream,ONGC.NS,ONGC
Oil & Gas Upstream,RELIANCE.NS,RELIANCE
Oil & Gas Upstream,VOGL.NS,VOGL
Cement,ACC.NS,ACC
Cement,AMBUJACEM.NS,AMBUJACEM
Cement,DALBHARAT.NS,DALBHARAT
Cement,GRASIM.NS,GRASIM
Cement,JKCEMENT.NS,JKCEMENT
Cement,RAMCOCEM.NS,RAMCOCEM
Cement,SHREECEM.NS,SHREECEM
Cement,ULTRACEMCO.NS,ULTRACEMCO
Solar Manufacturing,BORORENEW.NS,BORORENEW
Solar Manufacturing,EMMVEE.NS,EMMVEE
Solar Manufacturing,INA.NS,INA
Solar Manufacturing,PREMIERENE.NS,PREMIERENE
Solar Manufacturing,UTLSOLAR.NS,UTLSOLAR
Solar Manufacturing,VIKRAMSOLR.NS,VIKRAMSOLR
Solar Manufacturing,WAAREEENER.NS,WAAREEENER
Solar Manufacturing,WEBELSOLAR.NS,WEBELSOLAR
Semiconductors & EMS,AMBER.NS,AMBER
Semiconductors & EMS,AVALON.NS,AVALON
Semiconductors & EMS,BEL.NS,BEL
Semiconductors & EMS,CGPOWER.NS,CGPOWER
Semiconductors & EMS,CYIENT.NS,CYIENT
Semiconductors & EMS,CYIENTDLM.NS,CYIENTDLM
Semiconductors & EMS,DIXON.NS,DIXON
Semiconductors & EMS,ELIN.NS,ELIN
Semiconductors & EMS,KAYNES.NS,KAYNES
Semiconductors & EMS,LTTS.NS,LTTS
Semiconductors & EMS,MOSCHIP.NS,MOSCHIP
Semiconductors & EMS,PGEL.NS,PGEL
Semiconductors & EMS,SYRMA.NS,SYRMA
Semiconductors & EMS,TATAELXSI.NS,TATAELXSI
Infrastructure & EPC,ADANIPORTS.NS,ADANIPORTS
Infrastructure & EPC,GMRAIRPORT.NS,GMRAIRPORT
Infrastructure & EPC,IRB.NS,IRB
Infrastructure & EPC,JSWINFRA.NS,JSWINFRA
Infrastructure & EPC,KEC.NS,KEC
Infrastructure & EPC,KNRCON.NS,KNRCON
Infrastructure & EPC,LT.NS,LT
Infrastructure & EPC,NCC.NS,NCC
Infrastructure & EPC,PNCINFRA.NS,PNCINFRA
Infrastructure & EPC,PSPPROJECT.NS,PSPPROJECT
Fintech,ALGOQUANT.NS,ALGOQUANT
Fintech,CAMS.NS,CAMS
Fintech,CDSL.NS,CDSL
Fintech,FSL.NS,FSL
Fintech,JIOFIN.NS,JIOFIN
Fintech,PAYTM.NS,PAYTM
Fintech,POLICYBZR.NS,POLICYBZR
Fintech,SBICARD.NS,SBICARD
EV Ecosystem,ARE&M.NS,ARE&M
EV Ecosystem,ATHERENERG.NS,ATHERENERG
EV Ecosystem,BAJAJ-AUTO.NS,BAJAJ-AUTO
EV Ecosystem,EXICOM.NS,EXICOM
EV Ecosystem,EXIDEIND.NS,EXIDEIND
EV Ecosystem,HEROMOTOCO.NS,HEROMOTOCO
EV Ecosystem,JBMA.NS,JBMA
EV Ecosystem,MOTHERSON.NS,MOTHERSON
EV Ecosystem,OLAELEC.NS,OLAELEC
EV Ecosystem,OLECTRA.NS,OLECTRA
EV Ecosystem,SONACOMS.NS,SONACOMS
EV Ecosystem,TMCV.NS,TMCV
EV Ecosystem,TMPV.NS,TMPV
EV Ecosystem,TVSMOTOR.NS,TVSMOTOR
Renewable Energy Generation,ADANIGREEN.NS,ADANIGREEN
Renewable Energy Generation,INOXWIND.NS,INOXWIND
Renewable Energy Generation,JSWENERGY.NS,JSWENERGY
Renewable Energy Generation,NHPC.NS,NHPC
Renewable Energy Generation,NTPC.NS,NTPC
Renewable Energy Generation,NTPCGREEN.NS,NTPCGREEN
Renewable Energy Generation,SJVN.NS,SJVN
Renewable Energy Generation,SUZLON.NS,SUZLON
Renewable Energy Generation,TATAPOWER.NS,TATAPOWER
Renewable Energy Generation,WAAREERTL.NS,WAAREERTL
Green Hydrogen,ADANIGREEN.NS,ADANIGREEN
Green Hydrogen,GAIL.NS,GAIL
Green Hydrogen,JSWENERGY.NS,JSWENERGY
Green Hydrogen,NTPC.NS,NTPC
Green Hydrogen,TATAPOWER.NS,TATAPOWER
Data Centre and AI,ANANTRAJ.NS,ANANTRAJ
Data Centre and AI,AURIONPRO.NS,AURIONPRO
Data Centre and AI,E2E.NS,E2E
Data Centre and AI,NETWEB.NS,NETWEB
Data Centre and AI,SCHNEIDER.NS,SCHNEIDER
Data Centre and AI,TATACOMM.NS,TATACOMM
Data Centre and AI,TECHNOE.NS,TECHNOE
Aviation,ADANIENT.NS,ADANIENT
Aviation,GMRAIRPORT.NS,GMRAIRPORT
Aviation,INDIGO.NS,INDIGO
Logistics,ADANIPORTS.NS,ADANIPORTS
Logistics,AEGISLOG.NS,AEGISLOG
Logistics,ALLCARGO.NS,ALLCARGO
Logistics,BLUEDART.NS,BLUEDART
Logistics,CONCOR.NS,CONCOR
Logistics,DELHIVERY.NS,DELHIVERY
Logistics,GATEWAY.NS,GATEWAY
Logistics,JSWINFRA.NS,JSWINFRA
Logistics,MAHLOG.NS,MAHLOG
Logistics,SHADOWFAX.NS,SHADOWFAX
Logistics,SNOWMAN.NS,SNOWMAN
Logistics,TCI.NS,TCI
Logistics,TCIEXP.NS,TCIEXP
Logistics,TVSSCS.NS,TVSSCS
Logistics,VRLLOG.NS,VRLLOG
Hospitals,APOLLOHOSP.NS,APOLLOHOSP
Hospitals,ASTERDM.NS,ASTERDM
Hospitals,FORTIS.NS,FORTIS
Hospitals,KIMS.NS,KIMS
Hospitals,MAXHEALTH.NS,MAXHEALTH
Hospitals,MEDANTA.NS,MEDANTA
Hospitals,NH.NS,NH
Hospitals,RAINBOW.NS,RAINBOW
Hospitals,SHALBY.NS,SHALBY
Hospitals,YATHARTH.NS,YATHARTH
Pharma Formulations,ABBOTINDIA.NS,ABBOTINDIA
Pharma Formulations,AJANTPHARM.NS,AJANTPHARM
Pharma Formulations,ALKEM.NS,ALKEM
Pharma Formulations,AUROPHARMA.NS,AUROPHARMA
Pharma Formulations,CIPLA.NS,CIPLA
Pharma Formulations,DRREDDY.NS,DRREDDY
Pharma Formulations,ERIS.NS,ERIS
Pharma Formulations,GLAXO.NS,GLAXO
Pharma Formulations,GLENMARK.NS,GLENMARK
Pharma Formulations,GRANULES.NS,GRANULES
Pharma Formulations,IPCALAB.NS,IPCALAB
Pharma Formulations,LINCOLN.NS,LINCOLN
Pharma Formulations,LUPIN.NS,LUPIN
Pharma Formulations,MANKIND.NS,MANKIND
Pharma Formulations,NATCOPHARM.NS,NATCOPHARM
Pharma Formulations,PFIZER.NS,PFIZER
Pharma Formulations,SANOFI.NS,SANOFI
Pharma Formulations,SUNPHARMA.NS,SUNPHARMA
Pharma Formulations,TORNTPHARM.NS,TORNTPHARM
Pharma Formulations,WOCKPHARMA.NS,WOCKPHARMA
Pharma Formulations,ZYDUSLIFE.NS,ZYDUSLIFE
Pharma CDMO & API,AARTIPHARM.NS,AARTIPHARM
Pharma CDMO & API,BIOCON.NS,BIOCON
Pharma CDMO & API,CONCORDBIO.NS,CONCORDBIO
Pharma CDMO & API,DIVISLAB.NS,DIVISLAB
Pharma CDMO & API,GLAND.NS,GLAND
Pharma CDMO & API,JUBLPHARMA.NS,JUBLPHARMA
Pharma CDMO & API,LAURUSLABS.NS,LAURUSLABS
Pharma CDMO & API,NEULANDLAB.NS,NEULANDLAB
Pharma CDMO & API,PPLPHARMA.NS,PPLPHARMA
Pharma CDMO & API,RUBICON.NS,RUBICON
Pharma CDMO & API,SAILIFE.NS,SAILIFE
Pharma CDMO & API,SYNGENE.NS,SYNGENE
Specialty Chemicals,AARTIIND.NS,AARTIIND
Specialty Chemicals,ATUL.NS,ATUL
Specialty Chemicals,DEEPAKNTR.NS,DEEPAKNTR
Specialty Chemicals,DIAMINESQ.NS,DIAMINESQ
Specialty Chemicals,FINEORG.NS,FINEORG
Specialty Chemicals,HSCL.NS,HSCL
Specialty Chemicals,NAVINFLUOR.NS,NAVINFLUOR
Specialty Chemicals,PIDILITIND.NS,PIDILITIND
Specialty Chemicals,PIIND.NS,PIIND
Specialty Chemicals,SRF.NS,SRF
Agrochemicals & Fertilisers,BAYERCROP.NS,BAYERCROP
Agrochemicals & Fertilisers,COROMANDEL.NS,COROMANDEL
Agrochemicals & Fertilisers,DEEPAKFERT.NS,DEEPAKFERT
Agrochemicals & Fertilisers,DHANUKA.NS,DHANUKA
Agrochemicals & Fertilisers,GSFC.NS,GSFC
Agrochemicals & Fertilisers,RALLIS.NS,RALLIS
Agrochemicals & Fertilisers,UPL.NS,UPL
Textiles,ABFRL.NS,ABFRL
Textiles,KPRMILL.NS,KPRMILL
Textiles,LUXIND.NS,LUXIND
Textiles,PAGEIND.NS,PAGEIND
Textiles,PGIL.NS,PGIL
Textiles,TRIDENT.NS,TRIDENT
Textiles,WELSPUNLIV.NS,WELSPUNLIV
Paints,ASIANPAINT.NS,ASIANPAINT
Paints,BERGEPAINT.NS,BERGEPAINT
Paints,INDIGOPNTS.NS,INDIGOPNTS
Paints,KAMOPAINTS.NS,KAMOPAINTS
Paints,KANSAINER.NS,KANSAINER
Paints,SHALPAINTS.NS,SHALPAINTS
Paints,SIRCA.NS,SIRCA
Jewellery & Gold,GOLDIAM.NS,GOLDIAM
Jewellery & Gold,KALYANKJIL.NS,KALYANKJIL
Jewellery & Gold,PNGJL.NS,PNGJL
Jewellery & Gold,SENCO.NS,SENCO
Jewellery & Gold,SKYGOLD.NS,SKYGOLD
Jewellery & Gold,THANGAMAYL.NS,THANGAMAYL
Jewellery & Gold,TITAN.NS,TITAN
Silver,HINDZINC.NS,HINDZINC
Silver,VEDL.NS,VEDL
Critical Minerals,ARE&M.NS,ARE&M
Critical Minerals,HINDZINC.NS,HINDZINC
Critical Minerals,MOIL.NS,MOIL
Critical Minerals,NATIONALUM.NS,NATIONALUM
Critical Minerals,NMDC.NS,NMDC
Critical Minerals,VEDL.NS,VEDL
Metals & Mining,COALINDIA.NS,COALINDIA
Metals & Mining,HINDALCO.NS,HINDALCO
Metals & Mining,JINDALSTEL.NS,JINDALSTEL
Metals & Mining,JSL.NS,JSL
Metals & Mining,JSWSTEEL.NS,JSWSTEEL
Metals & Mining,LLOYDSME.NS,LLOYDSME
Metals & Mining,NMDC.NS,NMDC
Metals & Mining,SAIL.NS,SAIL
Metals & Mining,TATASTEEL.NS,TATASTEEL
Metals & Mining,VAML.NS,VAML
Metals & Mining,VEDL.NS,VEDL
Metals & Mining,VISL.NS,VISL
Telecom Services,BHARTIARTL.NS,BHARTIARTL
Telecom Services,IDEA.NS,IDEA
Telecom Services,NELCO.NS,NELCO
Telecom Services,TATACOMM.NS,TATACOMM
Telecom Services,TTML.NS,TTML
Telecom Infra,HFCL.NS,HFCL
Telecom Infra,INDUSTOWER.NS,INDUSTOWER
Telecom Infra,ITI.NS,ITI
Telecom Infra,RAILTEL.NS,RAILTEL
Telecom Infra,STLTECH.NS,STLTECH
Telecom Infra,TEJASNET.NS,TEJASNET
Telecom Infra,VINDHYATEL.NS,VINDHYATEL
Media & Broadcasting,DBCORP.NS,DBCORP
Media & Broadcasting,DEN.NS,DEN
Media & Broadcasting,DISHTV.NS,DISHTV
Media & Broadcasting,HATHWAY.NS,HATHWAY
Media & Broadcasting,NDTV.NS,NDTV
Media & Broadcasting,NETWORK18.NS,NETWORK18
Media & Broadcasting,PFOCUS.NS,PFOCUS
Media & Broadcasting,PVRINOX.NS,PVRINOX
Media & Broadcasting,SUNTV.NS,SUNTV
Media & Broadcasting,ZEEL.NS,ZEEL
Music & Content,NAZARA.NS,NAZARA
Music & Content,SAREGAMA.NS,SAREGAMA
Music & Content,SHEMAROO.NS,SHEMAROO
Music & Content,TIPSMUSIC.NS,TIPSMUSIC
Luxury,ETHOSLTD.NS,ETHOSLTD
Luxury,LANDMARK.NS,LANDMARK
Luxury,METROBRAND.NS,METROBRAND
Luxury,PAGEIND.NS,PAGEIND
Luxury,SULA.NS,SULA
Luxury,TITAN.NS,TITAN
Luxury,TRENT.NS,TRENT
QSR,DEVYANI.NS,DEVYANI
QSR,JUBLFOOD.NS,JUBLFOOD
QSR,RBA.NS,RBA
QSR,SAPPHIRE.NS,SAPPHIRE
QSR,UFBL.NS,UFBL
QSR,WESTLIFE.NS,WESTLIFE
FMCG Staples,BRITANNIA.NS,BRITANNIA
FMCG Staples,CCL.NS,CCL
FMCG Staples,COFFEEDAY.NS,COFFEEDAY
FMCG Staples,COLPAL.NS,COLPAL
FMCG Staples,DABUR.NS,DABUR
FMCG Staples,GODREJCP.NS,GODREJCP
FMCG Staples,HINDUNILVR.NS,HINDUNILVR
FMCG Staples,ITC.NS,ITC
FMCG Staples,MARICO.NS,MARICO
FMCG Staples,NESTLEIND.NS,NESTLEIND
FMCG Staples,PATANJALI.NS,PATANJALI
FMCG Staples,TATACONSUM.NS,TATACONSUM
FMCG Staples,VBL.NS,VBL
FMCG Staples,VINCOFE.NS,VINCOFE
IT Services,COFORGE.NS,COFORGE
IT Services,HCLTECH.NS,HCLTECH
IT Services,INFY.NS,INFY
IT Services,KPITTECH.NS,KPITTECH
IT Services,LTIM.NS,LTIM
IT Services,MPHASIS.NS,MPHASIS
IT Services,NEWGEN.NS,NEWGEN
IT Services,OFSS.NS,OFSS
IT Services,PERSISTENT.NS,PERSISTENT
IT Services,TCS.NS,TCS
IT Services,TECHM.NS,TECHM
IT Services,WIPRO.NS,WIPRO
IT Services,ZENSARTECH.NS,ZENSARTECH
Auto Passenger & CV,ASHOKLEY.NS,ASHOKLEY
Auto Passenger & CV,EICHERMOT.NS,EICHERMOT
Auto Passenger & CV,HYUNDAI.NS,HYUNDAI
Auto Passenger & CV,M&M.NS,M&M
Auto Passenger & CV,MARUTI.NS,MARUTI
Auto Passenger & CV,TMCV.NS,TMCV
Auto Passenger & CV,TMPV.NS,TMPV
Two & Three Wheelers,BAJAJ-AUTO.NS,BAJAJ-AUTO
Two & Three Wheelers,EICHERMOT.NS,EICHERMOT
Two & Three Wheelers,HEROMOTOCO.NS,HEROMOTOCO
Two & Three Wheelers,OLAELEC.NS,OLAELEC
Two & Three Wheelers,TVSMOTOR.NS,TVSMOTOR
Auto Ancillary,ARE&M.NS,ARE&M
Auto Ancillary,BHARATFORG.NS,BHARATFORG
Auto Ancillary,BOSCHLTD.NS,BOSCHLTD
Auto Ancillary,CIEINDIA.NS,CIEINDIA
Auto Ancillary,CRAFTSMAN.NS,CRAFTSMAN
Auto Ancillary,ENDURANCE.NS,ENDURANCE
Auto Ancillary,EXIDEIND.NS,EXIDEIND
Auto Ancillary,GABRIEL.NS,GABRIEL
Auto Ancillary,LUMAXTECH.NS,LUMAXTECH
Auto Ancillary,MINDACORP.NS,MINDACORP
Auto Ancillary,MOTHERSON.NS,MOTHERSON
Auto Ancillary,MSUMI.NS,MSUMI
Auto Ancillary,SANSERA.NS,SANSERA
Auto Ancillary,SCHAEFFLER.NS,SCHAEFFLER
Auto Ancillary,SONACOMS.NS,SONACOMS
Auto Ancillary,SUNDRMFAST.NS,SUNDRMFAST
Auto Ancillary,SUPRAJIT.NS,SUPRAJIT
Auto Ancillary,TALBROAUTO.NS,TALBROAUTO
Auto Ancillary,TIINDIA.NS,TIINDIA
Auto Ancillary,UNOMINDA.NS,UNOMINDA
Auto Ancillary,ZFCVINDIA.NS,ZFCVINDIA
Tyres & Rubber Products,APOLLOTYRE.NS,APOLLOTYRE
Tyres & Rubber Products,BALKRISIND.NS,BALKRISIND
Tyres & Rubber Products,CEATLTD.NS,CEATLTD
Tyres & Rubber Products,GOODYEAR.NS,GOODYEAR
Tyres & Rubber Products,JKTYRE.NS,JKTYRE
Tyres & Rubber Products,MODIRUBBER.NS,MODIRUBBER
Tyres & Rubber Products,MRF.NS,MRF
Tyres & Rubber Products,TOLINS.NS,TOLINS
Tyres & Rubber Products,TVSSRICHAK.NS,TVSSRICHAK
Tyres & Rubber Products,VIAZ.NS,VIAZ
Sugar,AVADHSUGAR.NS,AVADHSUGAR
Sugar,BAJAJHIND.NS,BAJAJHIND
Sugar,BALRAMCHIN.NS,BALRAMCHIN
Sugar,DALMIASUG.NS,DALMIASUG
Sugar,DBOL.NS,DBOL
Sugar,DCMNVL.NS,DCMNVL
Sugar,DHAMPURSUG.NS,DHAMPURSUG
Sugar,EIDPARRY.NS,EIDPARRY
Sugar,RENUKA.NS,RENUKA
Sugar,TRIVENI.NS,TRIVENI
Sugar,UGARSUGAR.NS,UGARSUGAR
Sugar,UTTAMSUGAR.NS,UTTAMSUGAR
Paper,ANDHRAPAP.NS,ANDHRAPAP
Paper,EMAMIPAP.NS,EMAMIPAP
Paper,JKPAPER.NS,JKPAPER
Paper,KUANTUM.NS,KUANTUM
Paper,ORIENTPPR.NS,ORIENTPPR
Paper,SESHAPAPER.NS,SESHAPAPER
Paper,STARPAPER.NS,STARPAPER
Paper,TNPL.NS,TNPL
Paper,WSTCSTPAPR.NS,WSTCSTPAPR
Wires and Cables,APARINDS.NS,APARINDS
Wires and Cables,BANSALWIRE.NS,BANSALWIRE
Wires and Cables,FINCABLES.NS,FINCABLES
Wires and Cables,KEI.NS,KEI
Wires and Cables,POLYCAB.NS,POLYCAB
Wires and Cables,RRKABEL.NS,RRKABEL
Wires and Cables,UNIVCABLES.NS,UNIVCABLES
Wires and Cables,VGUARD.NS,VGUARD
Hotels & Hospitality,BYKE.NS,BYKE
Hotels & Hospitality,CHALET.NS,CHALET
Hotels & Hospitality,EIHOTEL.NS,EIHOTEL
Hotels & Hospitality,HLVLTD.NS,HLVLTD
Hotels & Hospitality,INDHOTEL.NS,INDHOTEL
Hotels & Hospitality,ITCHOTELS.NS,ITCHOTELS
Hotels & Hospitality,LEMONTREE.NS,LEMONTREE
Hotels & Hospitality,MHRIL.NS,MHRIL
Hotels & Hospitality,ORIENTHOT.NS,ORIENTHOT
Hotels & Hospitality,TAJGVK.NS,TAJGVK
PVC Pipes & Plumbing,APOLLOPIPE.NS,APOLLOPIPE
PVC Pipes & Plumbing,ASTRAL.NS,ASTRAL
PVC Pipes & Plumbing,FINPIPE.NS,FINPIPE
PVC Pipes & Plumbing,JINDALPOLY.NS,JINDALPOLY
PVC Pipes & Plumbing,PRAKASH.NS,PRAKASH
PVC Pipes & Plumbing,PRINCEPIPE.NS,PRINCEPIPE
PVC Pipes & Plumbing,SUPREMEIND.NS,SUPREMEIND
Building Materials,AGI.NS,AGI
Building Materials,APLAPOLLO.NS,APLAPOLLO
Building Materials,CARYSIL.NS,CARYSIL
Building Materials,CENTURYPLY.NS,CENTURYPLY
Building Materials,CERA.NS,CERA
Building Materials,GREENPANEL.NS,GREENPANEL
Building Materials,GREENPLY.NS,GREENPLY
Building Materials,KAJARIACER.NS,KAJARIACER
Building Materials,RUSHIL.NS,RUSHIL
Building Materials,SOMANYCERA.NS,SOMANYCERA
White Goods & Durables,BAJAJELEC.NS,BAJAJELEC
White Goods & Durables,BLUESTARCO.NS,BLUESTARCO
White Goods & Durables,BOROLTD.NS,BOROLTD
White Goods & Durables,BPL.NS,BPL
White Goods & Durables,BUTTERFLY.NS,BUTTERFLY
White Goods & Durables,CELLO.NS,CELLO
White Goods & Durables,CROMPTON.NS,CROMPTON
White Goods & Durables,EUREKAFORB.NS,EUREKAFORB
White Goods & Durables,HAVELLS.NS,HAVELLS
White Goods & Durables,HAWKINSCOOK.NS,HAWKINSCOOK
White Goods & Durables,IFBIND.NS,IFBIND
White Goods & Durables,LGEINDIA.NS,LGEINDIA
White Goods & Durables,ORIENTELEC.NS,ORIENTELEC
White Goods & Durables,STOVEKRAFT.NS,STOVEKRAFT
White Goods & Durables,SYMPHONY.NS,SYMPHONY
White Goods & Durables,TTKPRESTIG.NS,TTKPRESTIG
White Goods & Durables,VGUARD.NS,VGUARD
White Goods & Durables,VOLTAS.NS,VOLTAS
White Goods & Durables,WHIRLPOOL.NS,WHIRLPOOL
Footwear,BATAINDIA.NS,BATAINDIA
Footwear,CAMPUS.NS,CAMPUS
Footwear,KHADIM.NS,KHADIM
Footwear,LIBERTSHOE.NS,LIBERTSHOE
Footwear,METROBRAND.NS,METROBRAND
Footwear,MIRZAINT.NS,MIRZAINT
Footwear,RELAXO.NS,RELAXO
Diagnostics & Pathology,KRSNAA.NS,KRSNAA
Diagnostics & Pathology,LALPATHLAB.NS,LALPATHLAB
Diagnostics & Pathology,METROPOLIS.NS,METROPOLIS
Diagnostics & Pathology,THYROCARE.NS,THYROCARE
Diagnostics & Pathology,VIJAYA.NS,VIJAYA
Packaging Solutions,EPL.NS,EPL
Packaging Solutions,GARFIBRES.NS,GARFIBRES
Packaging Solutions,HINDCOMPOS.NS,HINDCOMPOS
Packaging Solutions,HUHTAMAKI.NS,HUHTAMAKI
Packaging Solutions,JINDALPOLY.NS,JINDALPOLY
Packaging Solutions,MOLDTKPAC.NS,MOLDTKPAC
Packaging Solutions,POLYPLEX.NS,POLYPLEX
Packaging Solutions,TCPLPACK.NS,TCPLPACK
Packaging Solutions,UFLEX.NS,UFLEX
Shipbuilding,COCHINSHIP.NS,COCHINSHIP
Shipbuilding,GRSE.NS,GRSE
Shipbuilding,MAZDOCK.NS,MAZDOCK
Shipbuilding,SCI.NS,SCI
Marine & Offshore Services,DREDGECORP.NS,DREDGECORP
Marine & Offshore Services,GESHIP.NS,GESHIP
Marine & Offshore Services,SEAMECLTD.NS,SEAMECLTD
Marine & Offshore Services,SHREEJISPG.NS,SHREEJISPG
Power Generation,ADANIPOWER.NS,ADANIPOWER
Power Generation,CESC.NS,CESC
Power Generation,ENRIN.NS,ENRIN
Power Generation,JPPOWER.NS,JPPOWER
Power Generation,JSWENERGY.NS,JSWENERGY
Power Generation,NAVA.NS,NAVA
Power Generation,NHPC.NS,NHPC
Power Generation,NLCINDIA.NS,NLCINDIA
Power Generation,NTPC.NS,NTPC
Power Generation,RPOWER.NS,RPOWER
Power Generation,SJVN.NS,SJVN
Power Generation,TATAPOWER.NS,TATAPOWER
Power Generation,TORNTPOWER.NS,TORNTPOWER
Power Generation,VEDPOWER.NS,VEDPOWER
Carbon and Graphite,GOACARBON.NS,GOACARBON
Carbon and Graphite,GRAPHITE.NS,GRAPHITE
Carbon and Graphite,HEG.NS,HEG
Carbon and Graphite,HSCL.NS,HSCL
Carbon and Graphite,PCBL.NS,PCBL
Oil & Gas Midstream,ATGL.NS,ATGL
Oil & Gas Midstream,DEEPINDS.NS,DEEPINDS
Oil & Gas Midstream,GAIL.NS,GAIL
Oil & Gas Midstream,IGL.NS,IGL
Oil & Gas Midstream,MGL.NS,MGL
Oil & Gas Midstream,PETRONET.NS,PETRONET
Travel & Tourism,BLS.NS,BLS
Travel & Tourism,IMAGICAA.NS,IMAGICAA
Travel & Tourism,IRCTC.NS,IRCTC
Travel & Tourism,IXIGO.NS,IXIGO
Travel & Tourism,TBOTEK.NS,TBOTEK
Travel & Tourism,THOMASCOOK.NS,THOMASCOOK
Travel & Tourism,WONDERLA.NS,WONDERLA
Travel & Tourism,YATRA.NS,YATRA
Business Services,CMSINFO.NS,CMSINFO
Business Services,QUESS.NS,QUESS
Business Services,SIS.NS,SIS
Business Services,TEAMLEASE.NS,TEAMLEASE
Technology Hardware Distribution,DLINKINDIA.NS,DLINKINDIA
Technology Hardware Distribution,OPTIEMUS.NS,OPTIEMUS
Technology Hardware Distribution,REDINGTON.NS,REDINGTON
Technology Hardware Distribution,RPTECH.NS,RPTECH
IT Hardware & Peripherals,CONTROLPR.NS,CONTROLPR
IT Hardware & Peripherals,DCI.NS,DCI
IT Hardware & Peripherals,EBGNG.NS,EBGNG
IT Hardware & Peripherals,ESCONET.NS,ESCONET
IT Hardware & Peripherals,PANACHE.NS,PANACHE
IT Hardware & Peripherals,SMARTLINK.NS,SMARTLINK
IT Hardware & Peripherals,TVSELECT.NS,TVSELECT
Water & Irrigation Infrastructure,IONEXCHANG.NS,IONEXCHANG
Water & Irrigation Infrastructure,JISLJALEQS.NS,JISLJALEQS
Water & Irrigation Infrastructure,KIRLOSBROS.NS,KIRLOSBROS
Water & Irrigation Infrastructure,KSB.NS,KSB
Water & Irrigation Infrastructure,ROTO.NS,ROTO
Water & Irrigation Infrastructure,SHAKTIPUMP.NS,SHAKTIPUMP
Water & Irrigation Infrastructure,WABAG.NS,WABAG
Water & Irrigation Infrastructure,WELCORP.NS,WELCORP
Water & Irrigation Infrastructure,WPIL.NS,WPIL
Real Estate & Realty,ABREL.NS,ABREL
Real Estate & Realty,ANANTRAJ.NS,ANANTRAJ
Real Estate & Realty,BRIGADE.NS,BRIGADE
Real Estate & Realty,DLF.NS,DLF
Real Estate & Realty,GODREJPROP.NS,GODREJPROP
Real Estate & Realty,LODHA.NS,LODHA
Real Estate & Realty,OBEROIRLTY.NS,OBEROIRLTY
Real Estate & Realty,PHOENIXLTD.NS,PHOENIXLTD
Real Estate & Realty,PRESTIGE.NS,PRESTIGE
Real Estate & Realty,SIGNATURE.NS,SIGNATURE
Real Estate & Realty,SOBHA.NS,SOBHA
